date,admin1,admin2,market,latitude,longitude,category,commodity,unit,priceflag,pricetype,currency,price,usdprice
1994-01-15,Karnataka,Bangalore Urban,Bengaluru,12.962299,77.576943,cereals and tubers,Wheat,KG,actual,Retail,INR,7.0,0.2231
1994-03-15,Karnataka,Bangalore Urban,Bengaluru,12.962299,77.576943,cereals and tubers,Wheat,KG,actual,Retail,INR,6.5,0.2073
1994-04-15,Karnataka,Bangalore Urban,Bengaluru,12.962299,77.576943,cereals and tubers,Wheat,KG,actual,Retail,INR,6.5,0.2073
1994-05-15,Karnataka,Bangalore Urban,Bengaluru,12.962299,77.576943,cereals and tubers,Wheat,KG,actual,Retail,INR,4.0,0.1275
1994-07-15,Karnataka,Bangalore Urban,Bengaluru,12.962299,77.576943,cereals and tubers,Wheat,KG,actual,Retail,INR,6.8,0.2168
1994-08-15,Karnataka,Bangalore Urban,Bengaluru,12.962299,77.576943,cereals and tubers,Wheat,KG,actual,Retail,INR,6.5,0.2073
1994-10-15,Karnataka,Bangalore Urban,Bengaluru,12.962299,77.576943,cereals and tubers,Wheat,KG,actual,Retail,INR,7.0,0.2231
1994-11-15,Karnataka,Bangalore Urban,Bengaluru,12.962299,77.576943,cereals and tubers,Wheat,KG,actual,Retail,INR,6.5,0.2072
1994-12-15,Karnataka,Bangalore Urban,Bengaluru,12.962299,77.576943,cereals and tubers,Wheat,KG,actual,Retail,INR,6.0,0.1913
1996-01-15,Karnataka,Bangalore Urban,Bengaluru,12.962299,77.576943,cereals and tubers,Wheat,KG,actual,Retail,INR,8.0,0.2234
1996-02-15,Karnataka,Bangalore Urban,Bengaluru,12.962299,77.576943,cereals and tubers,Wheat,KG,actual,Retail,INR,8.0,0.2193
1996-03-15,Karnataka,Bangalore Urban,Bengaluru,12.962299,77.576943,cereals and tubers,Wheat,KG,actual,Retail,INR,7.75,0.2279
1996-04-15,Karnataka,Bangalore Urban,Bengaluru,12.962299,77.576943,cereals and tubers,Wheat,KG,actual,Retail,INR,8.5,0.2496
1996-05-15,Karnataka,Bangalore Urban,Bengaluru,12.962299,77.576943,cereals and tubers,Wheat,KG,actual,Retail,INR,7.9,0.23
1996-06-15,Karnataka,Bangalore Urban,Bengaluru,12.962299,77.576943,cereals and tubers,Wheat,KG,actual,Retail,INR,9.0,0.2566
1996-07-15,Karnataka,Bangalore Urban,Bengaluru,12.962299,77.576943,cereals and tubers,Wheat,KG,actual,Retail,INR,8.25,0.2327
1996-08-15,Karnataka,Bangalore Urban,Bengaluru,12.962299,77.576943,cereals and tubers,Wheat,KG,actual,Retail,INR,9.0,0.2542
1996-09-15,Karnataka,Bangalore Urban,Bengaluru,12.962299,77.576943,cereals and tubers,Wheat,KG,actual,Retail,INR,9.5,0.266
1996-10-15,Karnataka,Bangalore Urban,Bengaluru,12.962299,77.576943,cereals and tubers,Wheat,KG,actual,Retail,INR,9.0,0.2539
1996-11-15,Karnataka,Bangalore Urban,Bengaluru,12.962299,77.576943,cereals and tubers,Wheat,KG,actual,Retail,INR,9.0,0.2532
1996-12-15,Karnataka,Bangalore Urban,Bengaluru,12.962299,77.576943,cereals and tubers,Wheat,KG,actual,Retail,INR,11.5,0.3209
1997-01-15,Karnataka,Bangalore Urban,Bengaluru,12.962299,77.576943,cereals and tubers,Wheat,KG,actual,Retail,INR,12.5,0.3494
1997-02-15,Karnataka,Bangalore Urban,Bengaluru,12.962299,77.576943,cereals and tubers,Wheat,KG,actual,Retail,INR,12.5,0.3483
1997-03-15,Karnataka,Bangalore Urban,Bengaluru,12.962299,77.576943,cereals and tubers,Wheat,KG,actual,Retail,INR,10.5,0.2925
1997-04-15,Karnataka,Bangalore Urban,Bengaluru,12.962299,77.576943,cereals and tubers,Wheat,KG,actual,Retail,INR,10.5,0.2937
1997-05-15,Karnataka,Bangalore Urban,Bengaluru,12.962299,77.576943,cereals and tubers,Wheat,KG,actual,Retail,INR,10.0,0.2796
1997-06-15,Karnataka,Bangalore Urban,Bengaluru,12.962299,77.576943,cereals and tubers,Wheat,KG,actual,Retail,INR,10.0,0.2793
1997-07-15,Karnataka,Bangalore Urban,Bengaluru,12.962299,77.576943,cereals and tubers,Wheat,KG,actual,Retail,INR,9.5,0.2665
1997-08-15,Karnataka,Bangalore Urban,Bengaluru,12.962299,77.576943,cereals and tubers,Wheat,KG,actual,Retail,INR,9.5,0.2663
1997-09-15,Karnataka,Bangalore Urban,Bengaluru,12.962299,77.576943,cereals and tubers,Wheat,KG,actual,Retail,INR,9.5,0.2613
1997-10-15,Karnataka,Bangalore Urban,Bengaluru,12.962299,77.576943,cereals and tubers,Wheat,KG,actual,Retail,INR,9.5,0.2626
1997-11-15,Karnataka,Bangalore Urban,Bengaluru,12.962299,77.576943,cereals and tubers,Wheat,KG,actual,Retail,INR,9.5,0.2534
1997-12-15,Karnataka,Bangalore Urban,Bengaluru,12.962299,77.576943,cereals and tubers,Wheat,KG,actual,Retail,INR,9.0,0.2278
1998-01-15,Karnataka,Bangalore Urban,Bengaluru,12.962299,77.576943,cereals and tubers,Wheat,KG,actual,Retail,INR,10.0,0.2475
1998-02-15,Karnataka,Bangalore Urban,Bengaluru,12.962299,77.576943,cereals and tubers,Wheat,KG,actual,Retail,INR,10.0,0.2556
1998-03-15,Karnataka,Bangalore Urban,Bengaluru,12.962299,77.576943,cereals and tubers,Wheat,KG,actual,Retail,INR,10.5,0.2665
1998-04-15,Karnataka,Bangalore Urban,Bengaluru,12.962299,77.576943,cereals and tubers,Wheat,KG,actual,Retail,INR,10.0,0.2521
1998-05-15,Karnataka,Bangalore Urban,Bengaluru,12.962299,77.576943,cereals and tubers,Wheat,KG,actual,Retail,INR,11.0,0.2715
1998-06-15,Karnataka,Bangalore Urban,Bengaluru,12.962299,77.576943,cereals and tubers,Wheat,KG,actual,Retail,INR,11.0,0.261
1998-07-15,Karnataka,Bangalore Urban,Bengaluru,12.962299,77.576943,cereals and tubers,Wheat,KG,actual,Retail,INR,11.0,0.2591
1998-08-15,Karnataka,Bangalore Urban,Bengaluru,12.962299,77.576943,cereals and tubers,Wheat,KG,actual,Retail,INR,11.0,0.2585
1998-09-15,Karnataka,Bangalore Urban,Bengaluru,12.962299,77.576943,cereals and tubers,Wheat,KG,actual,Retail,INR,10.5,0.2476
1998-10-15,Karnataka,Bangalore Urban,Bengaluru,12.962299,77.576943,cereals and tubers,Wheat,KG,actual,Retail,INR,10.5,0.2485
1998-11-15,Karnataka,Bangalore Urban,Bengaluru,12.962299,77.576943,cereals and tubers,Wheat,KG,actual,Retail,INR,10.0,0.2353
1998-12-15,Karnataka,Bangalore Urban,Bengaluru,12.962299,77.576943,cereals and tubers,Wheat,KG,actual,Retail,INR,9.5,0.2235
1999-01-15,Karnataka,Bangalore Urban,Bengaluru,12.962299,77.576943,cereals and tubers,Wheat,KG,actual,Retail,INR,10.0,0.2358
1999-02-15,Karnataka,Bangalore Urban,Bengaluru,12.962299,77.576943,cereals and tubers,Wheat,KG,actual,Retail,INR,9.0,0.2123
1999-03-15,Karnataka,Bangalore Urban,Bengaluru,12.962299,77.576943,cereals and tubers,Wheat,KG,actual,Retail,INR,9.5,0.2242
1999-04-15,Karnataka,Bangalore Urban,Bengaluru,12.962299,77.576943,cereals and tubers,Wheat,KG,actual,Retail,INR,9.0,0.2108
1999-05-15,Karnataka,Bangalore Urban,Bengaluru,12.962299,77.576943,cereals and tubers,Wheat,KG,actual,Retail,INR,8.0,0.1868
1999-06-15,Karnataka,Bangalore Urban,Bengaluru,12.962299,77.576943,cereals and tubers,Wheat,KG,actual,Retail,INR,9.0,0.2079
1999-07-15,Karnataka,Bangalore Urban,Bengaluru,12.962299,77.576943,cereals and tubers,Wheat,KG,actual,Retail,INR,9.0,0.2082
1999-08-15,Karnataka,Bangalore Urban,Bengaluru,12.962299,77.576943,cereals and tubers,Wheat,KG,actual,Retail,INR,10.0,0.2305
1999-09-15,Karnataka,Bangalore Urban,Bengaluru,12.962299,77.576943,cereals and tubers,Wheat,KG,actual,Retail,INR,10.0,0.2301
1999-10-15,Karnataka,Bangalore Urban,Bengaluru,12.962299,77.576943,cereals and tubers,Wheat,KG,actual,Retail,INR,11.0,0.2537
1999-11-15,Karnataka,Bangalore Urban,Bengaluru,12.962299,77.576943,cereals and tubers,Wheat,KG,actual,Retail,INR,10.5,0.2425
1999-12-15,Karnataka,Bangalore Urban,Bengaluru,12.962299,77.576943,cereals and tubers,Wheat,KG,actual,Retail,INR,11.0,0.2532
2000-01-15,Karnataka,Bangalore Urban,Bengaluru,12.962299,77.576943,cereals and tubers,Wheat,KG,actual,Retail,INR,11.0,0.2525
2000-02-15,Karnataka,Bangalore Urban,Bengaluru,12.962299,77.576943,cereals and tubers,Wheat,KG,actual,Retail,INR,10.0,0.2294
2000-03-15,Karnataka,Bangalore Urban,Bengaluru,12.962299,77.576943,cereals and tubers,Wheat,KG,actual,Retail,INR,10.0,0.2299
2000-04-15,Karnataka,Bangalore Urban,Bengaluru,12.962299,77.576943,cereals and tubers,Wheat,KG,actual,Retail,INR,10.0,0.2291
2000-05-15,Karnataka,Bangalore Urban,Bengaluru,12.962299,77.576943,cereals and tubers,Wheat,KG,actual,Retail,INR,10.0,0.2283
2000-06-15,Karnataka,Bangalore Urban,Bengaluru,12.962299,77.576943,cereals and tubers,Wheat,KG,actual,Retail,INR,10.0,0.2242
2000-07-15,Karnataka,Bangalore Urban,Bengaluru,12.962299,77.576943,cereals and tubers,Wheat,KG,actual,Retail,INR,10.0,0.2231
2000-08-15,Karnataka,Bangalore Urban,Bengaluru,12.962299,77.576943,cereals and tubers,Wheat,KG,actual,Retail,INR,10.0,0.2192
2000-09-15,Karnataka,Bangalore Urban,Bengaluru,12.962299,77.576943,cereals and tubers,Wheat,KG,actual,Retail,INR,10.0,0.2188
2000-10-15,Karnataka,Bangalore Urban,Bengaluru,12.962299,77.576943,cereals and tubers,Wheat,KG,actual,Retail,INR,10.0,0.2154
2000-11-15,Karnataka,Bangalore Urban,Bengaluru,12.962299,77.576943,cereals and tubers,Wheat,KG,actual,Retail,INR,11.0,0.2354
2000-12-15,Karnataka,Bangalore Urban,Bengaluru,12.962299,77.576943,cereals and tubers,Wheat,KG,actual,Retail,INR,11.0,0.2355
2001-01-15,Karnataka,Bangalore Urban,Bengaluru,12.962299,77.576943,cereals and tubers,Wheat,KG,actual,Retail,INR,10.5,0.226
2001-02-15,Karnataka,Bangalore Urban,Bengaluru,12.962299,77.576943,cereals and tubers,Wheat,KG,actual,Retail,INR,11.0,0.2366
2001-03-15,Karnataka,Bangalore Urban,Bengaluru,12.962299,77.576943,cereals and tubers,Wheat,KG,actual,Retail,INR,12.0,0.2576
2001-04-15,Karnataka,Bangalore Urban,Bengaluru,12.962299,77.576943,cereals and tubers,Wheat,KG,actual,Retail,INR,11.0,0.2353
2001-05-15,Karnataka,Bangalore Urban,Bengaluru,12.962299,77.576943,cereals and tubers,Wheat,KG,actual,Retail,INR,11.0,0.2343
2002-01-15,Karnataka,Bangalore Urban,Bengaluru,12.962299,77.576943,cereals and tubers,Wheat,KG,actual,Retail,INR,11.5,0.2385
2002-02-15,Karnataka,Bangalore Urban,Bengaluru,12.962299,77.576943,cereals and tubers,Wheat,KG,actual,Retail,INR,12.0,0.2469
2002-03-15,Karnataka,Bangalore Urban,Bengaluru,12.962299,77.576943,cereals and tubers,Wheat,KG,actual,Retail,INR,11.5,0.2365
2002-04-15,Karnataka,Bangalore Urban,Bengaluru,12.962299,77.576943,cereals and tubers,Wheat,KG,actual,Retail,INR,11.5,0.2354
2002-05-15,Karnataka,Bangalore Urban,Bengaluru,12.962299,77.576943,cereals and tubers,Wheat,KG,actual,Retail,INR,12.0,0.2452
2002-06-15,Karnataka,Bangalore Urban,Bengaluru,12.962299,77.576943,cereals and tubers,Wheat,KG,actual,Retail,INR,11.0,0.2247
2002-07-15,Karnataka,Bangalore Urban,Bengaluru,12.962299,77.576943,cereals and tubers,Wheat,KG,actual,Retail,INR,11.5,0.2359
2002-08-15,Karnataka,Bangalore Urban,Bengaluru,12.962299,77.576943,cereals and tubers,Wheat,KG,actual,Retail,INR,11.5,0.237
2002-09-15,Karnataka,Bangalore Urban,Bengaluru,12.962299,77.576943,cereals and tubers,Wheat,KG,actual,Retail,INR,12.0,0.2477
2002-10-15,Karnataka,Bangalore Urban,Bengaluru,12.962299,77.576943,cereals and tubers,Wheat,KG,actual,Retail,INR,12.0,0.2487
2002-11-15,Karnataka,Bangalore Urban,Bengaluru,12.962299,77.576943,cereals and tubers,Wheat,KG,actual,Retail,INR,12.0,0.2493
2002-12-15,Karnataka,Bangalore Urban,Bengaluru,12.962299,77.576943,cereals and tubers,Wheat,KG,actual,Retail,INR,11.5,0.2388
2003-01-15,Karnataka,Bangalore Urban,Bengaluru,12.962299,77.576943,cereals and tubers,Wheat,KG,actual,Retail,INR,11.5,0.2402
2003-02-15,Karnataka,Bangalore Urban,Bengaluru,12.962299,77.576943,cereals and tubers,Wheat,KG,actual,Retail,INR,11.5,0.2409
2003-03-15,Karnataka,Bangalore Urban,Bengaluru,12.962299,77.576943,cereals and tubers,Wheat,KG,actual,Retail,INR,11.5,0.2415
2003-04-15,Karnataka,Bangalore Urban,Bengaluru,12.962299,77.576943,cereals and tubers,Wheat,KG,actual,Retail,INR,11.5,0.2433
2003-05-15,Karnataka,Bangalore Urban,Bengaluru,12.962299,77.576943,cereals and tubers,Wheat,KG,actual,Retail,INR,11.5,0.2445
2003-06-15,Karnataka,Bangalore Urban,Bengaluru,12.962299,77.576943,cereals and tubers,Wheat,KG,actual,Retail,INR,11.5,0.246
2003-07-15,Karnataka,Bangalore Urban,Bengaluru,12.962299,77.576943,cereals and tubers,Wheat,KG,actual,Retail,INR,11.5,0.2498
2003-08-15,Karnataka,Bangalore Urban,Bengaluru,12.962299,77.576943,cereals and tubers,Wheat,KG,actual,Retail,INR,11.5,0.2506
2003-09-15,Karnataka,Bangalore Urban,Bengaluru,12.962299,77.576943,cereals and tubers,Wheat,KG,actual,Retail,INR,11.0,0.2406
2003-10-15,Karnataka,Bangalore Urban,Bengaluru,12.962299,77.576943,cereals and tubers,Wheat,KG,actual,Retail,INR,11.5,0.2522
2003-11-15,Karnataka,Bangalore Urban,Bengaluru,12.962299,77.576943,cereals and tubers,Wheat,KG,actual,Retail,INR,12.0,0.263
2003-12-15,Karnataka,Bangalore Urban,Bengaluru,12.962299,77.576943,cereals and tubers,Wheat,KG,actual,Retail,INR,13.0,0.2857
2004-01-15,Karnataka,Bangalore Urban,Bengaluru,12.962299,77.576943,cereals and tubers,Wheat,KG,actual,Retail,INR,12.0,0.2642
2004-02-15,Karnataka,Bangalore Urban,Bengaluru,12.962299,77.576943,cereals and tubers,Wheat,KG,actual,Retail,INR,11.5,0.254
2004-03-15,Karnataka,Bangalore Urban,Bengaluru,12.962299,77.576943,cereals and tubers,Wheat,KG,actual,Retail,INR,12.0,0.2655
2004-04-15,Karnataka,Bangalore Urban,Bengaluru,12.962299,77.576943,cereals and tubers,Wheat,KG,actual,Retail,INR,12.0,0.273
2004-05-15,Karnataka,Bangalore Urban,Bengaluru,12.962299,77.576943,cereals and tubers,Wheat,KG,actual,Retail,INR,12.0,0.267
2004-06-15,Karnataka,Bangalore Urban,Bengaluru,12.962299,77.576943,cereals and tubers,Wheat,KG,actual,Retail,INR,12.0,0.2651
2004-07-15,Karnataka,Bangalore Urban,Bengaluru,12.962299,77.576943,cereals and tubers,Wheat,KG,actual,Retail,INR,12.0,0.2609
2004-08-15,Karnataka,Bangalore Urban,Bengaluru,12.962299,77.576943,cereals and tubers,Wheat,KG,actual,Retail,INR,12.0,0.2586
2004-09-15,Karnataka,Bangalore Urban,Bengaluru,12.962299,77.576943,cereals and tubers,Wheat,KG,actual,Retail,INR,12.0,0.2622
2004-10-15,Karnataka,Bangalore Urban,Bengaluru,12.962299,77.576943,cereals and tubers,Wheat,KG,actual,Retail,INR,12.0,0.2622
2004-11-15,Karnataka,Bangalore Urban,Bengaluru,12.962299,77.576943,cereals and tubers,Wheat,KG,actual,Retail,INR,12.0,0.2666
2004-12-15,Karnataka,Bangalore Urban,Bengaluru,12.962299,77.576943,cereals and tubers,Wheat,KG,actual,Retail,INR,12.0,0.2743
2005-01-15,Karnataka,Bangalore Urban,Bengaluru,12.962299,77.576943,cereals and tubers,Wheat,KG,actual,Retail,INR,12.0,0.275
2005-02-15,Karnataka,Bangalore Urban,Bengaluru,12.962299,77.576943,cereals and tubers,Wheat,KG,actual,Retail,INR,12.0,0.2745
2005-03-15,Karnataka,Bangalore Urban,Bengaluru,12.962299,77.576943,cereals and tubers,Wheat,KG,actual,Retail,INR,12.0,0.2765
2005-04-15,Karnataka,Bangalore Urban,Bengaluru,12.962299,77.576943,cereals and tubers,Wheat,KG,actual,Retail,INR,12.0,0.2745
2005-05-15,Karnataka,Bangalore Urban,Bengaluru,12.962299,77.576943,cereals and tubers,Wheat,KG,actual,Retail,INR,12.0,0.2748
2005-06-15,Karnataka,Bangalore Urban,Bengaluru,12.962299,77.576943,cereals and tubers,Wheat,KG,actual,Retail,INR,11.5,0.2638
2005-07-15,Karnataka,Bangalore Urban,Bengaluru,12.962299,77.576943,cereals and tubers,Wheat,KG,actual,Retail,INR,11.5,0.2646
2005-08-15,Karnataka,Bangalore Urban,Bengaluru,12.962299,77.576943,cereals and tubers,Wheat,KG,actual,Retail,INR,11.5,0.2647
2005-09-15,Karnataka,Bangalore Urban,Bengaluru,12.962299,77.576943,cereals and tubers,Wheat,KG,actual,Retail,INR,11.5,0.2624
2005-10-15,Karnataka,Bangalore Urban,Bengaluru,12.962299,77.576943,cereals and tubers,Wheat,KG,actual,Retail,INR,12.0,0.2695
2005-11-15,Karnataka,Bangalore Urban,Bengaluru,12.962299,77.576943,cereals and tubers,Wheat,KG,actual,Retail,INR,13.0,0.2848
2005-12-15,Karnataka,Bangalore Urban,Bengaluru,12.962299,77.576943,cereals and tubers,Wheat,KG,actual,Retail,INR,13.0,0.2872
2006-01-15,Karnataka,Bangalore Urban,Bengaluru,12.962299,77.576943,cereals and tubers,Wheat,KG,actual,Retail,INR,14.0,0.314
2006-02-15,Karnataka,Bangalore Urban,Bengaluru,12.962299,77.576943,cereals and tubers,Wheat,KG,actual,Retail,INR,14.0,0.3171
2006-03-15,Karnataka,Bangalore Urban,Bengaluru,12.962299,77.576943,cereals and tubers,Wheat,KG,actual,Retail,INR,14.0,0.3175
2006-04-15,Karnataka,Bangalore Urban,Bengaluru,12.962299,77.576943,cereals and tubers,Wheat,KG,actual,Retail,INR,14.0,0.3125
2006-05-15,Karnataka,Bangalore Urban,Bengaluru,12.962299,77.576943,cereals and tubers,Wheat,KG,actual,Retail,INR,14.5,0.3197
2006-06-15,Karnataka,Bangalore Urban,Bengaluru,12.962299,77.576943,cereals and tubers,Wheat,KG,actual,Retail,INR,15.0,0.3269
2006-07-15,Karnataka,Bangalore Urban,Bengaluru,12.962299,77.576943,cereals and tubers,Wheat,KG,actual,Retail,INR,14.5,0.3168
2006-08-15,Karnataka,Bangalore Urban,Bengaluru,12.962299,77.576943,cereals and tubers,Wheat,KG,actual,Retail,INR,17.0,0.3658
2006-09-15,Karnataka,Bangalore Urban,Bengaluru,12.962299,77.576943,cereals and tubers,Wheat,KG,actual,Retail,INR,16.0,0.3482
2006-10-15,Karnataka,Bangalore Urban,Bengaluru,12.962299,77.576943,cereals and tubers,Wheat,KG,actual,Retail,INR,17.0,0.3736
2006-11-15,Karnataka,Bangalore Urban,Bengaluru,12.962299,77.576943,cereals and tubers,Wheat,KG,actual,Retail,INR,17.0,0.3756
2006-12-15,Karnataka,Bangalore Urban,Bengaluru,12.962299,77.576943,cereals and tubers,Wheat,KG,actual,Retail,INR,17.0,0.3822
2007-01-15,Karnataka,Bangalore Urban,Bengaluru,12.962299,77.576943,cereals and tubers,Wheat,KG,actual,Retail,INR,17.0,0.3846
2007-02-15,Karnataka,Bangalore Urban,Bengaluru,12.962299,77.576943,cereals and tubers,Wheat,KG,actual,Retail,INR,17.0,0.3872
2007-03-15,Karnataka,Bangalore Urban,Bengaluru,12.962299,77.576943,cereals and tubers,Wheat,KG,actual,Retail,INR,17.0,0.3855
2007-04-15,Karnataka,Bangalore Urban,Bengaluru,12.962299,77.576943,cereals and tubers,Wheat,KG,actual,Retail,INR,17.0,0.4005
2007-05-15,Karnataka,Bangalore Urban,Bengaluru,12.962299,77.576943,cereals and tubers,Wheat,KG,actual,Retail,INR,15.5,0.3825
2007-06-15,Karnataka,Bangalore Urban,Bengaluru,12.962299,77.576943,cereals and tubers,Wheat,KG,actual,Retail,INR,15.5,0.3819
2007-07-15,Karnataka,Bangalore Urban,Bengaluru,12.962299,77.576943,cereals and tubers,Wheat,KG,actual,Retail,INR,16.0,0.3941
2007-08-15,Karnataka,Bangalore Urban,Bengaluru,12.962299,77.576943,cereals and tubers,Wheat,KG,actual,Retail,INR,16.0,0.3946
2007-09-15,Karnataka,Bangalore Urban,Bengaluru,12.962299,77.576943,cereals and tubers,Wheat,KG,actual,Retail,INR,15.5,0.3842
2007-10-15,Karnataka,Bangalore Urban,Bengaluru,12.962299,77.576943,cereals and tubers,Wheat,KG,actual,Retail,INR,15.0,0.3828
2007-11-15,Karnataka,Bangalore Urban,Bengaluru,12.962299,77.576943,cereals and tubers,Wheat,KG,actual,Retail,INR,15.5,0.3962
2007-12-15,Karnataka,Bangalore Urban,Bengaluru,12.962299,77.576943,cereals and tubers,Wheat,KG,actual,Retail,INR,16.0,0.4046
2008-01-15,Karnataka,Bangalore Urban,Bengaluru,12.962299,77.576943,cereals and tubers,Wheat,KG,actual,Retail,INR,16.0,0.4079
2008-02-15,Karnataka,Bangalore Urban,Bengaluru,12.962299,77.576943,cereals and tubers,Wheat,KG,actual,Retail,INR,16.0,0.4035
2008-03-15,Karnataka,Bangalore Urban,Bengaluru,12.962299,77.576943,cereals and tubers,Wheat,KG,actual,Retail,INR,16.0,0.4005
2008-04-15,Karnataka,Bangalore Urban,Bengaluru,12.962299,77.576943,cereals and tubers,Wheat,KG,actual,Retail,INR,16.0,0.4014
2008-05-15,Karnataka,Bangalore Urban,Bengaluru,12.962299,77.576943,cereals and tubers,Wheat,KG,actual,Retail,INR,15.0,0.3515
2008-06-15,Karnataka,Bangalore Urban,Bengaluru,12.962299,77.576943,cereals and tubers,Wheat,KG,actual,Retail,INR,16.0,0.3741
2008-07-15,Karnataka,Bangalore Urban,Bengaluru,12.962299,77.576943,cereals and tubers,Wheat,KG,actual,Retail,INR,17.0,0.3949
2008-08-15,Karnataka,Bangalore Urban,Bengaluru,12.962299,77.576943,cereals and tubers,Wheat,KG,actual,Retail,INR,17.0,0.3972
2008-09-15,Karnataka,Bangalore Urban,Bengaluru,12.962299,77.576943,cereals and tubers,Wheat,KG,actual,Retail,INR,17.0,0.3726
2008-10-15,Karnataka,Bangalore Urban,Bengaluru,12.962299,77.576943,cereals and tubers,Wheat,KG,actual,Retail,INR,16.0,0.3308
2008-11-15,Karnataka,Bangalore Urban,Bengaluru,12.962299,77.576943,cereals and tubers,Wheat,KG,actual,Retail,INR,16.0,0.323
2008-12-15,Karnataka,Bangalore Urban,Bengaluru,12.962299,77.576943,cereals and tubers,Wheat,KG,actual,Retail,INR,16.0,0.336
2009-01-15,Karnataka,Bangalore Urban,Bengaluru,12.962299,77.576943,cereals and tubers,Wheat,KG,actual,Retail,INR,16.0,0.3275
2009-02-15,Karnataka,Bangalore Urban,Bengaluru,12.962299,77.576943,cereals and tubers,Wheat,KG,actual,Retail,INR,16.0,0.3204
2009-03-15,Karnataka,Bangalore Urban,Bengaluru,12.962299,77.576943,cereals and tubers,Wheat,KG,actual,Retail,INR,17.0,0.3344
2009-04-15,Karnataka,Bangalore Urban,Bengaluru,12.962299,77.576943,cereals and tubers,Wheat,KG,actual,Retail,INR,17.0,0.3431
2009-05-15,Karnataka,Bangalore Urban,Bengaluru,12.962299,77.576943,cereals and tubers,Wheat,KG,actual,Retail,INR,17.0,0.3448
2009-06-15,Karnataka,Bangalore Urban,Bengaluru,12.962299,77.576943,cereals and tubers,Wheat,KG,actual,Retail,INR,17.0,0.3571
2009-07-15,Karnataka,Bangalore Urban,Bengaluru,12.962299,77.576943,cereals and tubers,Wheat,KG,actual,Retail,INR,17.0,0.3502
2009-08-15,Karnataka,Bangalore Urban,Bengaluru,12.962299,77.576943,cereals and tubers,Wheat,KG,actual,Retail,INR,19.0,0.3917
2009-09-15,Karnataka,Bangalore Urban,Bengaluru,12.962299,77.576943,cereals and tubers,Wheat,KG,actual,Retail,INR,18.0,0.3715
2009-10-15,Karnataka,Bangalore Urban,Bengaluru,12.962299,77.576943,cereals and tubers,Wheat,KG,actual,Retail,INR,17.0,0.37
2009-11-15,Karnataka,Bangalore Urban,Bengaluru,12.962299,77.576943,cereals and tubers,Wheat,KG,actual,Retail,INR,19.5,0.4174
2009-12-15,Karnataka,Bangalore Urban,Bengaluru,12.962299,77.576943,cereals and tubers,Wheat,KG,actual,Retail,INR,22.0,0.4728
2010-01-15,Karnataka,Bangalore Urban,Bengaluru,12.962299,77.576943,cereals and tubers,Wheat,KG,actual,Retail,INR,23.0,0.5024
2010-02-15,Karnataka,Bangalore Urban,Bengaluru,12.962299,77.576943,cereals and tubers,Wheat,KG,actual,Retail,INR,20.0,0.4317
2010-03-15,Karnataka,Bangalore Urban,Bengaluru,12.962299,77.576943,cereals and tubers,Wheat,KG,actual,Retail,INR,19.0,0.4171
2010-04-15,Karnataka,Bangalore Urban,Bengaluru,12.962299,77.576943,cereals and tubers,Wheat,KG,actual,Retail,INR,18.0,0.4061
2010-05-15,Karnataka,Bangalore Urban,Bengaluru,12.962299,77.576943,cereals and tubers,Wheat,KG,actual,Retail,INR,19.0,0.4184
2010-06-15,Karnataka,Bangalore Urban,Bengaluru,12.962299,77.576943,cereals and tubers,Wheat,KG,actual,Retail,INR,18.0,0.3884
2010-07-15,Karnataka,Bangalore Urban,Bengaluru,12.962299,77.576943,cereals and tubers,Wheat,KG,actual,Retail,INR,20.0,0.4291
2010-08-15,Karnataka,Bangalore Urban,Bengaluru,12.962299,77.576943,cereals and tubers,Wheat,KG,actual,Retail,INR,19.0,0.4063
2010-09-15,Karnataka,Bangalore Urban,Bengaluru,12.962299,77.576943,cereals and tubers,Wheat,KG,actual,Retail,INR,21.0,0.4546
2010-10-15,Karnataka,Bangalore Urban,Bengaluru,12.962299,77.576943,cereals and tubers,Wheat,KG,actual,Retail,INR,21.0,0.4767
2010-11-15,Karnataka,Bangalore Urban,Bengaluru,12.962299,77.576943,cereals and tubers,Wheat,KG,actual,Retail,INR,21.0,0.4647
2010-12-15,Karnataka,Bangalore Urban,Bengaluru,12.962299,77.576943,cereals and tubers,Wheat,KG,actual,Retail,INR,23.0,0.5072
2011-01-15,Karnataka,Bangalore Urban,Bengaluru,12.962299,77.576943,cereals and tubers,Wheat,KG,actual,Retail,INR,22.0,0.485
2011-01-15,Karnataka,Dharwad,Dharwad,15.466667,75.016667,cereals and tubers,Wheat,KG,actual,Retail,INR,26.0,0.5732
2011-02-15,Karnataka,Bangalore Urban,Bengaluru,12.962299,77.576943,cereals and tubers,Wheat,KG,actual,Retail,INR,21.0,0.4616
2011-02-15,Karnataka,Dharwad,Dharwad,15.466667,75.016667,cereals and tubers,Wheat,KG,actual,Retail,INR,24.0,0.5276
2011-03-15,Karnataka,Bangalore Urban,Bengaluru,12.962299,77.576943,cereals and tubers,Wheat,KG,actual,Retail,INR,16.0,0.3543
2011-03-15,Karnataka,Dharwad,Dharwad,15.466667,75.016667,cereals and tubers,Wheat,KG,actual,Retail,INR,16.0,0.3543
2011-04-15,Karnataka,Bangalore Urban,Bengaluru,12.962299,77.576943,cereals and tubers,Wheat,KG,actual,Retail,INR,21.0,0.4746
2011-04-15,Karnataka,Dharwad,Dharwad,15.466667,75.016667,cereals and tubers,Wheat,KG,actual,Retail,INR,24.0,0.5424
2011-05-15,Karnataka,Bangalore Urban,Bengaluru,12.962299,77.576943,cereals and tubers,Wheat,KG,actual,Retail,INR,21.35,0.4777
2011-05-15,Karnataka,Dharwad,Dharwad,15.466667,75.016667,cereals and tubers,Wheat,KG,actual,Retail,INR,24.0,0.537
2011-06-15,Karnataka,Bangalore Urban,Bengaluru,12.962299,77.576943,cereals and tubers,Wheat,KG,actual,Retail,INR,20.38,0.4553
2011-06-15,Karnataka,Dharwad,Dharwad,15.466667,75.016667,cereals and tubers,Wheat,KG,actual,Retail,INR,24.0,0.5362
2011-07-15,Karnataka,Bangalore Urban,Bengaluru,12.962299,77.576943,cereals and tubers,Wheat,KG,actual,Retail,INR,19.76,0.4439
2011-07-15,Karnataka,Dharwad,Dharwad,15.466667,75.016667,cereals and tubers,Wheat,KG,actual,Retail,INR,23.0,0.5167
2011-08-15,Karnataka,Bangalore Urban,Bengaluru,12.962299,77.576943,cereals and tubers,Wheat,KG,actual,Retail,INR,20.0,0.4411
2011-08-15,Karnataka,Dharwad,Dharwad,15.466667,75.016667,cereals and tubers,Wheat,KG,actual,Retail,INR,23.0,0.5073
2011-09-15,Karnataka,Bangalore Urban,Bengaluru,12.962299,77.576943,cereals and tubers,Wheat,KG,actual,Retail,INR,20.09,0.4224
2011-10-15,Karnataka,Bangalore Urban,Bengaluru,12.962299,77.576943,cereals and tubers,Wheat,KG,actual,Retail,INR,21.0,0.4294
2011-10-15,Karnataka,Dharwad,Dharwad,15.466667,75.016667,cereals and tubers,Wheat,KG,actual,Retail,INR,23.36,0.4777
2011-11-15,Karnataka,Bangalore Urban,Bengaluru,12.962299,77.576943,cereals and tubers,Wheat,KG,actual,Retail,INR,19.42,0.3836
2011-12-15,Karnataka,Bangalore Urban,Bengaluru,12.962299,77.576943,cereals and tubers,Wheat,KG,actual,Retail,INR,19.0,0.3551
2012-01-15,Karnataka,Dharwad,Dharwad,15.466667,75.016667,cereals and tubers,Wheat,KG,actual,Retail,INR,23.0,0.4464
2012-02-15,Karnataka,Bangalore Urban,Bengaluru,12.962299,77.576943,cereals and tubers,Wheat,KG,actual,Retail,INR,19.0,0.3848
2012-03-15,Karnataka,Bangalore Urban,Bengaluru,12.962299,77.576943,cereals and tubers,Wheat,KG,actual,Retail,INR,19.0,0.3779
2012-03-15,Karnataka,Dharwad,Dharwad,15.466667,75.016667,cereals and tubers,Wheat,KG,actual,Retail,INR,24.63,0.4899
2012-04-15,Karnataka,Bangalore Urban,Bengaluru,12.962299,77.576943,cereals and tubers,Wheat,KG,actual,Retail,INR,18.87,0.364
2012-04-15,Karnataka,Dharwad,Dharwad,15.466667,75.016667,cereals and tubers,Wheat,KG,actual,Retail,INR,23.73,0.4578
2012-05-15,Karnataka,Bangalore Urban,Bengaluru,12.962299,77.576943,cereals and tubers,Wheat,KG,actual,Retail,INR,19.0,0.3532
2012-05-15,Karnataka,Dharwad,Dharwad,15.466667,75.016667,cereals and tubers,Wheat,KG,actual,Retail,INR,24.74,0.4599
2012-06-15,Karnataka,Bangalore Urban,Bengaluru,12.962299,77.576943,cereals and tubers,Wheat,KG,actual,Retail,INR,19.0,0.3431
2012-06-15,Karnataka,Dharwad,Dharwad,15.466667,75.016667,cereals and tubers,Wheat,KG,actual,Retail,INR,25.0,0.4514
2012-07-15,Karnataka,Bangalore Urban,Bengaluru,12.962299,77.576943,cereals and tubers,Wheat,KG,actual,Retail,INR,14.33,0.2556
2012-07-15,Karnataka,Dharwad,Dharwad,15.466667,75.016667,cereals and tubers,Wheat,KG,actual,Retail,INR,23.42,0.4177
2012-08-15,Karnataka,Bangalore Urban,Bengaluru,12.962299,77.576943,cereals and tubers,Wheat,KG,actual,Retail,INR,14.25,0.2567
2012-08-15,Karnataka,Dharwad,Dharwad,15.466667,75.016667,cereals and tubers,Wheat,KG,actual,Retail,INR,23.0,0.4143
2012-09-15,Karnataka,Bangalore Urban,Bengaluru,12.962299,77.576943,cereals and tubers,Wheat,KG,actual,Retail,INR,14.0,0.2583
2012-09-15,Karnataka,Dharwad,Dharwad,15.466667,75.016667,cereals and tubers,Wheat,KG,actual,Retail,INR,23.8,0.439
2012-10-15,Karnataka,Bangalore Urban,Bengaluru,12.962299,77.576943,cereals and tubers,Wheat,KG,actual,Retail,INR,15.0,0.2832
2012-10-15,Karnataka,Dharwad,Dharwad,15.466667,75.016667,cereals and tubers,Wheat,KG,actual,Retail,INR,27.85,0.5258
2012-11-15,Karnataka,Bangalore Urban,Bengaluru,12.962299,77.576943,cereals and tubers,Wheat,KG,actual,Retail,INR,15.0,0.2745
2012-12-15,Karnataka,Bangalore Urban,Bengaluru,12.962299,77.576943,cereals and tubers,Wheat,KG,actual,Retail,INR,15.08,0.2759
2012-12-15,Karnataka,Dharwad,Dharwad,15.466667,75.016667,cereals and tubers,Wheat,KG,actual,Retail,INR,27.0,0.4941
2013-01-15,Karnataka,Bangalore Urban,Bengaluru,12.962299,77.576943,cereals and tubers,Wheat,KG,actual,Retail,INR,21.0,0.3847
2013-01-15,Karnataka,Dharwad,Dharwad,15.466667,75.016667,cereals and tubers,Wheat,KG,actual,Retail,INR,27.82,0.5096
2013-02-15,Karnataka,Bangalore Urban,Bengaluru,12.962299,77.576943,cereals and tubers,Wheat,KG,actual,Retail,INR,22.0,0.4051
2013-03-15,Karnataka,Bangalore Urban,Bengaluru,12.962299,77.576943,cereals and tubers,Wheat,KG,actual,Retail,INR,22.0,0.4073
2013-03-15,Karnataka,Dharwad,Dharwad,15.466667,75.016667,cereals and tubers,Wheat,KG,actual,Retail,INR,28.94,0.5357
2013-04-15,Karnataka,Bangalore Urban,Bengaluru,12.962299,77.576943,cereals and tubers,Wheat,KG,actual,Retail,INR,22.0,0.4034
2013-04-15,Karnataka,Dharwad,Dharwad,15.466667,75.016667,cereals and tubers,Wheat,KG,actual,Retail,INR,28.13,0.5158
2013-05-15,Karnataka,Bangalore Urban,Bengaluru,12.962299,77.576943,cereals and tubers,Wheat,KG,actual,Retail,INR,21.22,0.3874
2013-05-15,Karnataka,Dharwad,Dharwad,15.466667,75.016667,cereals and tubers,Wheat,KG,actual,Retail,INR,28.88,0.5272
2013-06-15,Karnataka,Bangalore Urban,Bengaluru,12.962299,77.576943,cereals and tubers,Wheat,KG,actual,Retail,INR,21.65,0.3726
2013-06-15,Karnataka,Dharwad,Dharwad,15.466667,75.016667,cereals and tubers,Wheat,KG,actual,Retail,INR,29.0,0.4992
2013-07-15,Karnataka,Bangalore Urban,Bengaluru,12.962299,77.576943,cereals and tubers,Wheat,KG,actual,Retail,INR,22.76,0.3806
2013-07-15,Karnataka,Dharwad,Dharwad,15.466667,75.016667,cereals and tubers,Wheat,KG,actual,Retail,INR,29.0,0.4849
2013-08-15,Karnataka,Bangalore Urban,Bengaluru,12.962299,77.576943,cereals and tubers,Wheat,KG,actual,Retail,INR,24.0,0.3908
2013-08-15,Karnataka,Dharwad,Dharwad,15.466667,75.016667,cereals and tubers,Wheat,KG,actual,Retail,INR,29.0,0.4722
2013-09-15,Karnataka,Bangalore Urban,Bengaluru,12.962299,77.576943,cereals and tubers,Wheat,KG,actual,Retail,INR,24.0,0.3711
2013-09-15,Karnataka,Dharwad,Dharwad,15.466667,75.016667,cereals and tubers,Wheat,KG,actual,Retail,INR,29.0,0.4484
2013-10-15,Karnataka,Bangalore Urban,Bengaluru,12.962299,77.576943,cereals and tubers,Wheat,KG,actual,Retail,INR,24.0,0.3881
2013-10-15,Karnataka,Dharwad,Dharwad,15.466667,75.016667,cereals and tubers,Wheat,KG,actual,Retail,INR,28.76,0.4651
2013-11-15,Karnataka,Bangalore Urban,Bengaluru,12.962299,77.576943,cereals and tubers,Wheat,KG,actual,Retail,INR,24.69,0.3921
2013-12-15,Karnataka,Bangalore Urban,Bengaluru,12.962299,77.576943,cereals and tubers,Wheat,KG,actual,Retail,INR,27.5,0.4424
2013-12-15,Karnataka,Dharwad,Dharwad,15.466667,75.016667,cereals and tubers,Wheat,KG,actual,Retail,INR,29.0,0.4666
2014-01-15,Karnataka,Bangalore Urban,Bengaluru,12.962299,77.576943,cereals and tubers,Wheat,KG,actual,Retail,INR,27.21,0.4419
2014-02-15,Karnataka,Bangalore Urban,Bengaluru,12.962299,77.576943,cereals and tubers,Wheat,KG,actual,Retail,INR,27.0,0.4337
2014-03-15,Karnataka,Bangalore Urban,Bengaluru,12.962299,77.576943,cereals and tubers,Wheat,KG,actual,Retail,INR,27.0,0.4418
2014-04-15,Karnataka,Bangalore Urban,Bengaluru,12.962299,77.576943,cereals and tubers,Wheat,KG,actual,Retail,INR,27.0,0.4483
2014-05-15,Karnataka,Bangalore Urban,Bengaluru,12.962299,77.576943,cereals and tubers,Wheat,KG,actual,Retail,INR,26.8,0.4508
2014-06-15,Karnataka,Bangalore Urban,Bengaluru,12.962299,77.576943,cereals and tubers,Wheat,KG,actual,Retail,INR,27.5,0.4617
2014-06-15,Karnataka,Dharwad,Dharwad,15.466667,75.016667,cereals and tubers,Wheat,KG,actual,Retail,INR,29.08,0.4882
2014-07-15,Karnataka,Bangalore Urban,Bengaluru,12.962299,77.576943,cereals and tubers,Wheat,KG,actual,Retail,INR,28.71,0.4775
2014-07-15,Karnataka,Dharwad,Dharwad,15.466667,75.016667,cereals and tubers,Wheat,KG,actual,Retail,INR,29.1,0.484
2014-08-15,Karnataka,Bangalore Urban,Bengaluru,12.962299,77.576943,cereals and tubers,Wheat,KG,actual,Retail,INR,29.0,0.4772
2014-08-15,Karnataka,Dharwad,Dharwad,15.466667,75.016667,cereals and tubers,Wheat,KG,actual,Retail,INR,29.0,0.4772
2014-09-15,Karnataka,Bangalore Urban,Bengaluru,12.962299,77.576943,cereals and tubers,Wheat,KG,actual,Retail,INR,29.0,0.4746
2014-09-15,Karnataka,Dharwad,Dharwad,15.466667,75.016667,cereals and tubers,Wheat,KG,actual,Retail,INR,29.05,0.4755
2014-10-15,Karnataka,Bangalore Urban,Bengaluru,12.962299,77.576943,cereals and tubers,Wheat,KG,actual,Retail,INR,29.0,0.4725
2014-10-15,Karnataka,Dharwad,Dharwad,15.466667,75.016667,cereals and tubers,Wheat,KG,actual,Retail,INR,29.0,0.4725
2014-11-15,Karnataka,Bangalore Urban,Bengaluru,12.962299,77.576943,cereals and tubers,Wheat,KG,actual,Retail,INR,28.43,0.4608
2014-11-15,Karnataka,Dharwad,Dharwad,15.466667,75.016667,cereals and tubers,Wheat,KG,actual,Retail,INR,29.59,0.4797
2014-12-15,Karnataka,Bangalore Urban,Bengaluru,12.962299,77.576943,cereals and tubers,Wheat,KG,actual,Retail,INR,27.0,0.4275
2014-12-15,Karnataka,Dharwad,Dharwad,15.466667,75.016667,cereals and tubers,Wheat,KG,actual,Retail,INR,30.0,0.475
2015-01-15,Karnataka,Bangalore Urban,Bengaluru,12.962299,77.576943,cereals and tubers,Wheat,KG,actual,Retail,INR,27.93,0.45
2015-02-15,Karnataka,Bangalore Urban,Bengaluru,12.962299,77.576943,cereals and tubers,Wheat,KG,actual,Retail,INR,28.29,0.4579
2015-03-15,Karnataka,Bangalore Urban,Bengaluru,12.962299,77.576943,cereals and tubers,Wheat,KG,actual,Retail,INR,28.67,0.4611
2015-04-15,Karnataka,Bangalore Urban,Bengaluru,12.962299,77.576943,cereals and tubers,Wheat,KG,actual,Retail,INR,27.47,0.4406
2015-05-15,Karnataka,Bangalore Urban,Bengaluru,12.962299,77.576943,cereals and tubers,Wheat,KG,actual,Retail,INR,28.0,0.4414
2015-05-15,Karnataka,Dharwad,Dharwad,15.466667,75.016667,cereals and tubers,Wheat,KG,actual,Retail,INR,30.0,0.473
2015-06-15,Karnataka,Bangalore Urban,Bengaluru,12.962299,77.576943,cereals and tubers,Wheat,KG,actual,Retail,INR,28.0,0.437
2015-06-15,Karnataka,Dharwad,Dharwad,15.466667,75.016667,cereals and tubers,Wheat,KG,actual,Retail,INR,30.0,0.4682
2015-07-15,Karnataka,Bangalore Urban,Bengaluru,12.962299,77.576943,cereals and tubers,Wheat,KG,actual,Retail,INR,28.0,0.4409
2015-07-15,Karnataka,Dharwad,Dharwad,15.466667,75.016667,cereals and tubers,Wheat,KG,actual,Retail,INR,30.0,0.4724
2015-08-15,Karnataka,Bangalore Urban,Bengaluru,12.962299,77.576943,cereals and tubers,Wheat,KG,actual,Retail,INR,28.0,0.43
2015-08-15,Karnataka,Dharwad,Dharwad,15.466667,75.016667,cereals and tubers,Wheat,KG,actual,Retail,INR,30.0,0.4607
2015-09-15,Karnataka,Bangalore Urban,Bengaluru,12.962299,77.576943,cereals and tubers,Wheat,KG,actual,Retail,INR,28.76,0.4329
2015-09-15,Karnataka,Dharwad,Dharwad,15.466667,75.016667,cereals and tubers,Wheat,KG,actual,Retail,INR,30.94,0.4657
2015-10-15,Karnataka,Bangalore Urban,Bengaluru,12.962299,77.576943,cereals and tubers,Wheat,KG,actual,Retail,INR,29.0,0.4477
2015-10-15,Karnataka,Dharwad,Dharwad,15.466667,75.016667,cereals and tubers,Wheat,KG,actual,Retail,INR,32.0,0.4941
2015-11-15,Karnataka,Bangalore Urban,Bengaluru,12.962299,77.576943,cereals and tubers,Wheat,KG,actual,Retail,INR,29.08,0.4405
2015-11-15,Karnataka,Dharwad,Dharwad,15.466667,75.016667,cereals and tubers,Wheat,KG,actual,Retail,INR,32.0,0.4847
2015-12-15,Karnataka,Bangalore Urban,Bengaluru,12.962299,77.576943,cereals and tubers,Wheat,KG,actual,Retail,INR,29.0,0.4338
2015-12-15,Karnataka,Dharwad,Dharwad,15.466667,75.016667,cereals and tubers,Wheat,KG,actual,Retail,INR,32.0,0.4787
2016-01-15,Karnataka,Bangalore Urban,Bengaluru,12.962299,77.576943,cereals and tubers,Wheat,KG,actual,Retail,INR,29.0,0.428
2016-02-15,Karnataka,Bangalore Urban,Bengaluru,12.962299,77.576943,cereals and tubers,Wheat,KG,actual,Retail,INR,29.0,0.4257
2016-02-15,Karnataka,Dharwad,Dharwad,15.466667,75.016667,cereals and tubers,Wheat,KG,actual,Retail,INR,32.35,0.4749
2016-03-15,Karnataka,Bangalore Urban,Bengaluru,12.962299,77.576943,cereals and tubers,Wheat,KG,actual,Retail,INR,29.0,0.4305
2016-03-15,Karnataka,Dharwad,Dharwad,15.466667,75.016667,cereals and tubers,Wheat,KG,actual,Retail,INR,30.18,0.448
2016-04-15,Karnataka,Bangalore Urban,Bengaluru,12.962299,77.576943,cereals and tubers,Wheat,KG,actual,Retail,INR,29.0,0.4351
2016-04-15,Karnataka,Dharwad,Dharwad,15.466667,75.016667,cereals and tubers,Wheat,KG,actual,Retail,INR,30.0,0.4501
2016-05-15,Karnataka,Bangalore Urban,Bengaluru,12.962299,77.576943,cereals and tubers,Wheat,KG,actual,Retail,INR,29.0,0.4338
2016-05-15,Karnataka,Dharwad,Dharwad,15.466667,75.016667,cereals and tubers,Wheat,KG,actual,Retail,INR,30.0,0.4488
2016-06-15,Karnataka,Bangalore Urban,Bengaluru,12.962299,77.576943,cereals and tubers,Wheat,KG,actual,Retail,INR,29.0,0.4324
2016-06-15,Karnataka,Dharwad,Dharwad,15.466667,75.016667,cereals and tubers,Wheat,KG,actual,Retail,INR,30.42,0.4536
2016-07-15,Karnataka,Bangalore Urban,Bengaluru,12.962299,77.576943,cereals and tubers,Wheat,KG,actual,Retail,INR,29.0,0.432
2016-07-15,Karnataka,Dharwad,Dharwad,15.466667,75.016667,cereals and tubers,Wheat,KG,actual,Retail,INR,31.0,0.4618
2016-08-15,Karnataka,Bangalore Urban,Bengaluru,12.962299,77.576943,cereals and tubers,Wheat,KG,actual,Retail,INR,29.0,0.4339
2016-08-15,Karnataka,Dharwad,Dharwad,15.466667,75.016667,cereals and tubers,Wheat,KG,actual,Retail,INR,31.0,0.4638
2016-09-15,Karnataka,Bangalore Urban,Bengaluru,12.962299,77.576943,cereals and tubers,Wheat,KG,actual,Retail,INR,29.0,0.4338
2016-09-15,Karnataka,Dharwad,Dharwad,15.466667,75.016667,cereals and tubers,Wheat,KG,actual,Retail,INR,31.0,0.4637
2016-10-15,Karnataka,Bangalore Urban,Bengaluru,12.962299,77.576943,cereals and tubers,Wheat,KG,actual,Retail,INR,29.0,0.4344
2016-10-15,Karnataka,Dharwad,Dharwad,15.466667,75.016667,cereals and tubers,Wheat,KG,actual,Retail,INR,31.0,0.4644
2016-11-15,Karnataka,Bangalore Urban,Bengaluru,12.962299,77.576943,cereals and tubers,Wheat,KG,actual,Retail,INR,31.95,0.4714
2016-11-15,Karnataka,Dharwad,Dharwad,15.466667,75.016667,cereals and tubers,Wheat,KG,actual,Retail,INR,32.6,0.481
2016-12-15,Karnataka,Bangalore Urban,Bengaluru,12.962299,77.576943,cereals and tubers,Wheat,KG,actual,Retail,INR,34.0,0.5011
2016-12-15,Karnataka,Dharwad,Dharwad,15.466667,75.016667,cereals and tubers,Wheat,KG,actual,Retail,INR,33.0,0.4864
2017-01-15,Karnataka,Bangalore Urban,Bengaluru,12.962299,77.576943,cereals and tubers,Wheat,KG,actual,Retail,INR,34.0,0.5008
2017-01-15,Karnataka,Dharwad,Dharwad,15.466667,75.016667,cereals and tubers,Wheat,KG,actual,Retail,INR,33.0,0.4861
2017-02-15,Karnataka,Bangalore Urban,Bengaluru,12.962299,77.576943,cereals and tubers,Wheat,KG,actual,Retail,INR,34.0,0.5086
2017-02-15,Karnataka,Dharwad,Dharwad,15.466667,75.016667,cereals and tubers,Wheat,KG,actual,Retail,INR,33.0,0.4936
2017-03-15,Karnataka,Bangalore Urban,Bengaluru,12.962299,77.576943,cereals and tubers,Wheat,KG,actual,Retail,INR,34.0,0.5181
2017-03-15,Karnataka,Dharwad,Dharwad,15.466667,75.016667,cereals and tubers,Wheat,KG,actual,Retail,INR,33.0,0.5029
2017-04-15,Karnataka,Bangalore Urban,Bengaluru,12.962299,77.576943,cereals and tubers,Wheat,KG,actual,Retail,INR,34.0,0.5269
2017-04-15,Karnataka,Dharwad,Dharwad,15.466667,75.016667,cereals and tubers,Wheat,KG,actual,Retail,INR,33.0,0.5114
2017-05-15,Karnataka,Bangalore Urban,Bengaluru,12.962299,77.576943,cereals and tubers,Wheat,KG,actual,Retail,INR,34.0,0.5309
2017-05-15,Karnataka,Dharwad,Dharwad,15.466667,75.016667,cereals and tubers,Wheat,KG,actual,Retail,INR,33.0,0.5153
2017-06-15,Karnataka,Bangalore Urban,Bengaluru,12.962299,77.576943,cereals and tubers,Wheat,KG,actual,Retail,INR,34.0,0.5268
2017-06-15,Karnataka,Dharwad,Dharwad,15.466667,75.016667,cereals and tubers,Wheat,KG,actual,Retail,INR,33.0,0.5113
2017-07-15,Karnataka,Bangalore Urban,Bengaluru,12.962299,77.576943,cereals and tubers,Wheat,KG,actual,Retail,INR,34.0,0.5278
2017-07-15,Karnataka,Dharwad,Dharwad,15.466667,75.016667,cereals and tubers,Wheat,KG,actual,Retail,INR,33.0,0.5123
2017-08-15,Karnataka,Bangalore Urban,Bengaluru,12.962299,77.576943,cereals and tubers,Wheat,KG,actual,Retail,INR,34.0,0.5303
2017-08-15,Karnataka,Dharwad,Dharwad,15.466667,75.016667,cereals and tubers,Wheat,KG,actual,Retail,INR,32.65,0.5093
2017-09-15,Karnataka,Bangalore Urban,Bengaluru,12.962299,77.576943,cereals and tubers,Wheat,KG,actual,Retail,INR,34.0,0.5303
